{"key": "long_test.wav@0.000-2.000", "universa_dns_p808": 2.776632070541382, "universa_f0corr": 0.556625247001648, "universa_f0rmse": 113.50594329833984, "universa_mcd": 10.446521759033203, "universa_mos": 2.6908485889434814, "universa_pesq": 1.7871675491333008, "universa_sheet_ssqa": 2.4776270389556885, "universa_si_snr": 3.2354888916015625, "universa_speech_bert": 0.8421837091445923, "universa_spk_similarity": 0.7347752451896667, "universa_stoi": 0.5921274423599243, "universa_utmos": 2.1037955284118652, "universa_wer": 0.47408971190452576, "universa_encoded_feat": "torch.Tensor (cannot pack in json)"}
{"key": "long_test.wav@1.000-3.000", "universa_dns_p808": 3.072415351867676, "universa_f0corr": 0.41225990653038025, "universa_f0rmse": 116.50833892822266, "universa_mcd": 19.473981857299805, "universa_mos": 2.7149322032928467, "universa_pesq": 2.1702494621276855, "universa_sheet_ssqa": 2.454623222351074, "universa_si_snr": -29.339805603027344, "universa_speech_bert": 0.7582988142967224, "universa_spk_similarity": 0.47548580169677734, "universa_stoi": 0.21420405805110931, "universa_utmos": 1.922286033630371, "universa_wer": 0.9580961465835571, "universa_encoded_feat": "torch.Tensor (cannot pack in json)"}
{"key": "long_test.wav@2.000-4.000", "universa_dns_p808": 2.8965940475463867, "universa_f0corr": 0.6771631240844727, "universa_f0rmse": 72.65835571289062, "universa_mcd": 13.582358360290527, "universa_mos": 2.856661081314087, "universa_pesq": 2.426936149597168, "universa_sheet_ssqa": 3.151747941970825, "universa_si_snr": -9.153035163879395, "universa_speech_bert": 0.8228974938392639, "universa_spk_similarity": 0.7458115220069885, "universa_stoi": 0.6308400630950928, "universa_utmos": 2.0051395893096924, "universa_wer": 0.43262234330177307, "universa_encoded_feat": "torch.Tensor (cannot pack in json)"}
{"key": "long_test.wav@3.000-5.000", "universa_dns_p808": 3.004685878753662, "universa_f0corr": 0.5033302307128906, "universa_f0rmse": 93.11361694335938, "universa_mcd": 13.744571685791016, "universa_mos": 2.728393793106079, "universa_pesq": 2.2927942276000977, "universa_sheet_ssqa": 2.4232542514801025, "universa_si_snr": -12.872227668762207, "universa_speech_bert": 0.7764670848846436, "universa_spk_similarity": 0.7106139659881592, "universa_stoi": 0.5086941123008728, "universa_utmos": 1.7699337005615234, "universa_wer": 0.7451359033584595, "universa_encoded_feat": "torch.Tensor (cannot pack in json)"}
{"key": "long_test.wav@4.000-6.000", "universa_dns_p808": 2.5423431396484375, "universa_f0corr": 0.6068953275680542, "universa_f0rmse": 88.95726776123047, "universa_mcd": 12.382243156433105, "universa_mos": 2.6317994594573975, "universa_pesq": 2.204641580581665, "universa_sheet_ssqa": 2.5351085662841797, "universa_si_snr": -1.1166651248931885, "universa_speech_bert": 0.8001843094825745, "universa_spk_similarity": 0.7429046630859375, "universa_stoi": 0.6522760391235352, "universa_utmos": 1.7010276317596436, "universa_wer": 0.3598440885543823, "universa_encoded_feat": "torch.Tensor (cannot pack in json)"}
{"key": "long_test.wav@5.000-7.000", "universa_dns_p808": 2.818303108215332, "universa_f0corr": 0.5759273767471313, "universa_f0rmse": 90.00102996826172, "universa_mcd": 14.913419723510742, "universa_mos": 2.6185286045074463, "universa_pesq": 2.2350969314575195, "universa_sheet_ssqa": 2.547300100326538, "universa_si_snr": -12.7130126953125, "universa_speech_bert": 0.7635858654975891, "universa_spk_similarity": 0.6133716702461243, "universa_stoi": 0.5400104522705078, "universa_utmos": 2.208346366882324, "universa_wer": 0.6981064081192017, "universa_encoded_feat": "torch.Tensor (cannot pack in json)"}
{"key": "long_test.wav@6.000-8.000", "universa_dns_p808": 2.7980592250823975, "universa_f0corr": 0.5262824296951294, "universa_f0rmse": 101.39633178710938, "universa_mcd": 12.511590003967285, "universa_mos": 2.8912012577056885, "universa_pesq": 2.3661627769470215, "universa_sheet_ssqa": 2.8476755619049072, "universa_si_snr": -5.5951995849609375, "universa_speech_bert": 0.8286284804344177, "universa_spk_similarity": 0.666010320186615, "universa_stoi": 0.5952588319778442, "universa_utmos": 2.070441722869873, "universa_wer": 0.5436311960220337, "universa_encoded_feat": "torch.Tensor (cannot pack in json)"}
{"key": "long_test.wav@7.000-9.000", "universa_dns_p808": 2.69317889213562, "universa_f0corr": 0.561956524848938, "universa_f0rmse": 77.18179321289062, "universa_mcd": 11.164856910705566, "universa_mos": 2.5439374446868896, "universa_pesq": 2.3946218490600586, "universa_sheet_ssqa": 2.8787853717803955, "universa_si_snr": -5.177680015563965, "universa_speech_bert": 0.8103245496749878, "universa_spk_similarity": 0.7089283466339111, "universa_stoi": 0.6631795167922974, "universa_utmos": 1.9117999076843262, "universa_wer": 0.5686326026916504, "universa_encoded_feat": "torch.Tensor (cannot pack in json)"}
{"key": "long_test.wav@8.000-10.000", "universa_dns_p808": 2.829936981201172, "universa_f0corr": 0.624686598777771, "universa_f0rmse": 86.6089096069336, "universa_mcd": 13.52581787109375, "universa_mos": 2.8324310779571533, "universa_pesq": 2.4814767837524414, "universa_sheet_ssqa": 2.8839614391326904, "universa_si_snr": -3.508627414703369, "universa_speech_bert": 0.8476567268371582, "universa_spk_similarity": 0.7569801211357117, "universa_stoi": 0.656241238117218, "universa_utmos": 2.01206111907959, "universa_wer": 0.38162603974342346, "universa_encoded_feat": "torch.Tensor (cannot pack in json)"}
{"key": "long_test.wav@9.000-10.000", "universa_dns_p808": 2.8119044303894043, "universa_f0corr": 0.591602087020874, "universa_f0rmse": 89.45972442626953, "universa_mcd": 11.981100082397461, "universa_mos": 2.6038453578948975, "universa_pesq": 2.6584434509277344, "universa_sheet_ssqa": 2.5725529193878174, "universa_si_snr": -6.4026570320129395, "universa_speech_bert": 0.847612202167511, "universa_spk_similarity": 0.7137938141822815, "universa_stoi": 0.7284919023513794, "universa_utmos": 1.8605759143829346, "universa_wer": 0.5962477326393127, "universa_encoded_feat": "torch.Tensor (cannot pack in json)"}
