{"key": "1.wav", "mcd": 5.914818638172664, "f0rmse": 45.57598938102153, "f0corr": 0.8807036903193275, "sdr": -0.9992801656560688, "sir": Infinity, "sar": -0.9992801656560688, "si_snr": -20.233810424804688, "ci_sdr": -0.9992822408676147, "stoi": 0.9499079626664922}
{"key": "3.wav", "mcd": 6.235666038567512, "f0rmse": 87.48107676685129, "f0corr": 0.7531242981763947, "sdr": -2.9240146016243345, "sir": Infinity, "sar": -2.9240146016243345, "si_snr": -13.43707275390625, "ci_sdr": -2.924013137817383, "stoi": 0.9380155495090899}
{"key": "2.wav", "mcd": 5.898145880015816, "f0rmse": 47.446146315821245, "f0corr": 0.8649442382796422, "sdr": -3.99857998503395, "sir": Infinity, "sar": -3.99857998503395, "si_snr": -36.42180633544922, "ci_sdr": -3.9985811710357666, "stoi": 0.9549024193934587}
