{"key": "1.wav", "universa_dns_p808": 3.660834789276123, "universa_f0corr": 0.7916172742843628, "universa_f0rmse": 59.388389587402344, "universa_mcd": 14.211213111877441, "universa_mos": 3.892556667327881, "universa_pesq": 2.3621654510498047, "universa_sheet_ssqa": 4.023010730743408, "universa_si_snr": 9.707551956176758, "universa_speech_bert": 1.0654436349868774, "universa_spk_similarity": 0.7988691329956055, "universa_stoi": 0.9375210404396057, "universa_utmos": 3.6245226860046387, "universa_wer": -0.03762705251574516, "universa_encoded_feat": "torch.Tensor (cannot pack in json)"}
{"key": "3.wav", "universa_dns_p808": 3.4282844066619873, "universa_f0corr": 0.759994387626648, "universa_f0rmse": 76.4291763305664, "universa_mcd": 11.793496131896973, "universa_mos": 3.6720902919769287, "universa_pesq": 2.2652759552001953, "universa_sheet_ssqa": 4.293917655944824, "universa_si_snr": 6.874213218688965, "universa_speech_bert": 1.0306506156921387, "universa_spk_similarity": 0.8774844408035278, "universa_stoi": 0.9117599725723267, "universa_utmos": 3.101369619369507, "universa_wer": 0.12227761000394821, "universa_encoded_feat": "torch.Tensor (cannot pack in json)"}
{"key": "2.wav", "universa_dns_p808": 3.77694034576416, "universa_f0corr": 0.7153291702270508, "universa_f0rmse": 70.1023178100586, "universa_mcd": 12.531193733215332, "universa_mos": 3.7060048580169678, "universa_pesq": 1.9654724597930908, "universa_sheet_ssqa": 3.782766580581665, "universa_si_snr": 6.491443157196045, "universa_speech_bert": 1.0101057291030884, "universa_spk_similarity": 0.7788088321685791, "universa_stoi": 0.8923423886299133, "universa_utmos": 3.360163450241089, "universa_wer": 0.11967513710260391, "universa_encoded_feat": "torch.Tensor (cannot pack in json)"}
