{"key": "1.wav", "universa_dns_p808": 3.8857855796813965, "universa_f0corr": 0.7003284096717834, "universa_f0rmse": 80.28623962402344, "universa_mcd": 12.921667098999023, "universa_mos": 3.9276819229125977, "universa_pesq": 2.7394070625305176, "universa_sheet_ssqa": 4.278162002563477, "universa_si_snr": 14.255715370178223, "universa_speech_bert": 0.9469451308250427, "universa_spk_similarity": 0.9472907781600952, "universa_stoi": 1.0637571811676025, "universa_utmos": 3.5153377056121826, "universa_wer": -0.04567917063832283, "universa_encoded_feat": "torch.Tensor (cannot pack in json)"}
{"key": "3.wav", "universa_dns_p808": 3.519313097000122, "universa_f0corr": 0.6616681814193726, "universa_f0rmse": 96.18441009521484, "universa_mcd": 8.555092811584473, "universa_mos": 3.3069167137145996, "universa_pesq": 1.9348652362823486, "universa_sheet_ssqa": 3.8575594425201416, "universa_si_snr": 4.349894046783447, "universa_speech_bert": 0.91927170753479, "universa_spk_similarity": 0.8057063221931458, "universa_stoi": 0.9013227820396423, "universa_utmos": 2.904557704925537, "universa_wer": -0.021763529628515244, "universa_encoded_feat": "torch.Tensor (cannot pack in json)"}
{"key": "2.wav", "universa_dns_p808": 3.7631731033325195, "universa_f0corr": 0.7266974449157715, "universa_f0rmse": 90.21855163574219, "universa_mcd": 12.079681396484375, "universa_mos": 3.528733015060425, "universa_pesq": 2.3652336597442627, "universa_sheet_ssqa": 4.055315971374512, "universa_si_snr": 9.04488468170166, "universa_speech_bert": 0.9095376133918762, "universa_spk_similarity": 0.7841705083847046, "universa_stoi": 0.9427689909934998, "universa_utmos": 3.4644253253936768, "universa_wer": 0.11489245295524597, "universa_encoded_feat": "torch.Tensor (cannot pack in json)"}
